Feature,Importance
availability_365,0.3365621980423095
reviews_per_month,0.2602765329086692
number_of_reviews,0.20904741475852398
minimum_nights,0.19411385429049724
